{
  "version": "1.0",
  "defaultProvider": "cdnjs",
  "libraries": [
    {
      "library": "vue@2.6.14",
      "destination": "wwwroot/vue/",
      "files": [
        "vue.common.dev.js",
        "vue.common.dev.min.js",
        "vue.common.js",
        "vue.common.min.js",
        "vue.common.prod.js",
        "vue.common.prod.min.js",
        "vue.esm.browser.js",
        "vue.esm.browser.min.js",
        "vue.esm.js",
        "vue.esm.min.js",
        "vue.js",
        "vue.min.js",
        "vue.runtime.common.dev.js",
        "vue.runtime.common.dev.min.js",
        "vue.runtime.common.js",
        "vue.runtime.common.min.js",
        "vue.runtime.common.prod.js",
        "vue.runtime.common.prod.min.js",
        "vue.runtime.esm.js",
        "vue.runtime.esm.min.js",
        "vue.runtime.js",
        "vue.runtime.min.js"
      ]
    },
    {
      "library": "axios@0.21.1",
      "destination": "wwwroot/axios/"
    },
    {
      "provider": "unpkg",
      "library": "vue-bootstrap-typeahead@0.2.6",
      "destination": "wwwroot/vue-bootstrap-typeahead/",
      "files": [
        "dist/demo.html",
        "dist/VueBootstrapTypeahead.common.js",
        "dist/VueBootstrapTypeahead.common.js.map",
        "dist/VueBootstrapTypeahead.css",
        "dist/VueBootstrapTypeahead.umd.js",
        "dist/VueBootstrapTypeahead.umd.js.map",
        "dist/VueBootstrapTypeahead.umd.min.js",
        "dist/VueBootstrapTypeahead.umd.min.js.map"
      ]
    },
    {
      "library": "bootstrap-vue@2.21.2",
      "destination": "wwwroot/bootstrap-vue/"
    }
  ]
}